{"cameraMode":{"drawMode":0,"name":"Shaded","section":"Shading Mode"},"sceneLighting":false,"audioPlay":false,"sceneViewState":{"showFog":true,"showMaterialUpdate":false,"showSkybox":false,"showFlares":true,"showImageEffects":true,"showParticleSystems":true,"showVisualEffectGraphs":true,"m_FxEnabled":false},"in2DMode":false,"pivot":{"x":0.18000000715255738,"y":1.8292608261108399,"z":3.299999952316284},"rotation":{"x":0.19593332707881928,"y":-0.10276199877262116,"z":0.020650453865528108,"w":0.9750328660011292},"size":0.3987169861793518,"orthographic":false}