{"cameraMode":{"drawMode":0,"name":"Shaded","section":"Shading Mode"},"sceneLighting":false,"audioPlay":false,"sceneViewState":{"showFog":true,"showMaterialUpdate":false,"showSkybox":false,"showFlares":true,"showImageEffects":true,"showParticleSystems":true,"showVisualEffectGraphs":true,"m_FxEnabled":false},"in2DMode":false,"pivot":{"x":-5.711030960083008,"y":0.005003102123737335,"z":6.322030067443848},"rotation":{"x":0.22599108517169953,"y":0.05402953177690506,"z":-0.012550761923193932,"w":0.9725874662399292},"size":0.6048552393913269,"orthographic":false}