{"cameraMode":{"drawMode":0,"name":"Shaded","section":"Shading Mode"},"sceneLighting":false,"audioPlay":false,"sceneViewState":{"showFog":true,"showMaterialUpdate":false,"showSkybox":false,"showFlares":true,"showImageEffects":true,"showParticleSystems":true,"showVisualEffectGraphs":true,"m_FxEnabled":false},"in2DMode":false,"pivot":{"x":-6.302493095397949,"y":0.10361535847187042,"z":6.333477973937988},"rotation":{"x":0.24957825243473054,"y":0.023234378546476365,"z":-0.005986133124679327,"w":0.9680959582328796},"size":0.22577008605003358,"orthographic":false}