{"cameraMode":{"drawMode":0,"name":"Shaded","section":"Shading Mode"},"sceneLighting":false,"audioPlay":false,"sceneViewState":{"showFog":true,"showMaterialUpdate":false,"showSkybox":false,"showFlares":true,"showImageEffects":true,"showParticleSystems":true,"showVisualEffectGraphs":true,"m_FxEnabled":false},"in2DMode":false,"pivot":{"x":-2.891982078552246,"y":2.941260814666748,"z":3.1341848373413088},"rotation":{"x":0.19593332707881928,"y":-0.10276199877262116,"z":0.020650453865528108,"w":0.9750328660011292},"size":0.39871692657470705,"orthographic":false}