{"cameraMode":{"drawMode":0,"name":"Shaded","section":"Shading Mode"},"sceneLighting":false,"audioPlay":false,"sceneViewState":{"showFog":true,"showMaterialUpdate":false,"showSkybox":false,"showFlares":true,"showImageEffects":true,"showParticleSystems":true,"showVisualEffectGraphs":true,"m_FxEnabled":false},"in2DMode":false,"pivot":{"x":-7.556512355804443,"y":0.08209237456321717,"z":6.2700300216674809},"rotation":{"x":0.1333814412355423,"y":0.022292912006378175,"z":-0.0029969438910484316,"w":0.990847110748291},"size":0.164537250995636,"orthographic":false}