{"cameraMode":{"drawMode":0,"name":"Shaded","section":"Shading Mode"},"sceneLighting":true,"audioPlay":false,"sceneViewState":{"showFog":true,"showMaterialUpdate":false,"showSkybox":true,"showFlares":true,"showImageEffects":true,"showParticleSystems":true,"showVisualEffectGraphs":true,"m_FxEnabled":false},"in2DMode":false,"pivot":{"x":-4.468039512634277,"y":1.5196497440338135,"z":10.447510719299317},"rotation":{"x":0.19245728850364686,"y":0.038256045430898669,"z":-0.007509191986173391,"w":0.9805583357810974},"size":2.741654396057129,"orthographic":false}