{"cameraMode":{"drawMode":0,"name":"Shaded","section":"Shading Mode"},"sceneLighting":true,"audioPlay":false,"sceneViewState":{"showFog":true,"showMaterialUpdate":false,"showSkybox":true,"showFlares":true,"showImageEffects":true,"showParticleSystems":true,"showVisualEffectGraphs":true,"m_FxEnabled":false},"in2DMode":false,"pivot":{"x":-2.4329118728637697,"y":-8.342187881469727,"z":26.003681182861329},"rotation":{"x":0.22599108517169953,"y":0.05402953177690506,"z":-0.012550761923193932,"w":0.9725874662399292},"size":11.406871795654297,"orthographic":false}